date,commit,dependencies
2011-03-30 21:40:59,9b48dfd98aecd2b5d2c69dff3472f0a4409f6ffa,"['com.h2database:h2', 'junit:junit', 'org.apache.tomcat:dbcp', 'org.apache.tomcat:juli']"
2013-04-23 00:50:42,ca1afe83c15d0de620f3cb5566a6626d449cfba0,"['com.h2database:h2', 'junit:junit', 'org.apache.tomcat:dbcp', 'org.apache.tomcat:juli']"
2014-07-24 13:18:06,d67170a4eecece1edba2d351eb502e3476c6b854,"['com.h2database:h2', 'junit:junit', 'org.apache.tomcat:dbcp', 'org.apache.tomcat:juli', 'org.apache.tomcat:tomcat-dbcp']"
2014-10-10 01:05:53,1cd1f8a0808fc04babcb5d3d985774fa97cca97a,"['com.h2database:h2', 'junit:junit', 'org.apache.tomcat:juli', 'org.apache.tomcat:tomcat-dbcp']"
2018-11-29 17:46:45,ea8646727113ed826ad4cf90d631f68a6f172fe9,"['com.h2database:h2', 'junit:junit', 'org.apache.tomcat:juli', 'org.apache.tomcat:tomcat-catalina', 'org.apache.tomcat:tomcat-catalina-ha', 'org.apache.tomcat:tomcat-dbcp', 'org.apache.tomcat:tomcat-jasper', 'org.apache.tomcat:tomcat-storeconfig', 'org.apache.tomcat:tomcat-websocket']"
2019-02-08 10:10:44,74e567981956260f819501920de8acc82372c03b,"['com.h2database:h2', 'junit:junit', 'org.apache.tomcat:juli', 'org.apache.tomcat:tomcat-catalina', 'org.apache.tomcat:tomcat-catalina-ha', 'org.apache.tomcat:tomcat-dbcp', 'org.apache.tomcat:tomcat-jasper', 'org.apache.tomcat:tomcat-storeconfig', 'org.apache.tomcat:tomcat-websocket']"
2019-03-20 23:08:23,e3b41e3b6aacf660115abeed88b1b5227eb577bd,"['com.h2database:h2', 'junit:junit', 'org.apache.tomcat:juli', 'org.apache.tomcat:tomcat-catalina', 'org.apache.tomcat:tomcat-catalina-ha', 'org.apache.tomcat:tomcat-dbcp', 'org.apache.tomcat:tomcat-jasper', 'org.apache.tomcat:tomcat-storeconfig', 'org.apache.tomcat:tomcat-websocket']"
2019-05-02 01:03:12,cd84c48ea8c6364f33590f4cffe9ce699172b487,"['com.h2database:h2', 'junit:junit', 'org.apache.tomcat:juli', 'org.apache.tomcat:tomcat-catalina', 'org.apache.tomcat:tomcat-catalina-ha', 'org.apache.tomcat:tomcat-dbcp', 'org.apache.tomcat:tomcat-jasper', 'org.apache.tomcat:tomcat-storeconfig', 'org.apache.tomcat:tomcat-websocket']"
2019-05-10 11:55:16,6bb8ad5bd3347465de28fbb0225c728a0a623754,"['com.h2database:h2', 'junit:junit', 'org.apache.tomcat:juli', 'org.apache.tomcat:tomcat-catalina', 'org.apache.tomcat:tomcat-catalina-ha', 'org.apache.tomcat:tomcat-dbcp', 'org.apache.tomcat:tomcat-jasper', 'org.apache.tomcat:tomcat-storeconfig', 'org.apache.tomcat:tomcat-websocket']"
2019-06-28 11:30:59,addfaa7740266fde67bb78adbf16620c2acbea81,"['com.h2database:h2', 'javax.json.bind:javax.json.bind-api', 'javax.json:javax.json-api', 'junit:junit', 'org.apache.cxf:cxf-integration-cdi', 'org.apache.cxf:cxf-rt-frontend-jaxrs', 'org.apache.cxf:cxf-rt-rs-client', 'org.apache.cxf:cxf-rt-rs-extension-providers', 'org.apache.cxf:cxf-rt-rs-json-basic', 'org.apache.geronimo.specs:geronimo-atinject_1.0_spec', 'org.apache.geronimo.specs:geronimo-interceptor_1.2_spec', 'org.apache.geronimo.specs:geronimo-jcdi_2.0_spec', 'org.apache.johnzon:johnzon-jsonb', 'org.apache.openwebbeans:openwebbeans-impl', 'org.apache.openwebbeans:openwebbeans-spi', 'org.apache.openwebbeans:openwebbeans-web', 'org.apache.tomcat:juli', 'org.apache.tomcat:tomcat-catalina', 'org.apache.tomcat:tomcat-catalina-ha', 'org.apache.tomcat:tomcat-dbcp', 'org.apache.tomcat:tomcat-jasper', 'org.apache.tomcat:tomcat-websocket']"
2019-06-30 23:47:01,3c1059e56dca2b24400c3f1c921406f800dee5dd,"['com.h2database:h2', 'javax.json.bind:javax.json.bind-api', 'javax.json:javax.json-api', 'junit:junit', 'org.apache.cxf:cxf-integration-cdi', 'org.apache.cxf:cxf-rt-frontend-jaxrs', 'org.apache.cxf:cxf-rt-rs-client', 'org.apache.cxf:cxf-rt-rs-extension-providers', 'org.apache.cxf:cxf-rt-rs-json-basic', 'org.apache.geronimo.specs:geronimo-atinject_1.0_spec', 'org.apache.geronimo.specs:geronimo-interceptor_1.2_spec', 'org.apache.geronimo.specs:geronimo-jcdi_2.0_spec', 'org.apache.johnzon:johnzon-jsonb', 'org.apache.openwebbeans:openwebbeans-impl', 'org.apache.openwebbeans:openwebbeans-spi', 'org.apache.openwebbeans:openwebbeans-web', 'org.apache.tomcat:juli', 'org.apache.tomcat:tomcat-catalina', 'org.apache.tomcat:tomcat-catalina-ha', 'org.apache.tomcat:tomcat-dbcp', 'org.apache.tomcat:tomcat-jasper', 'org.apache.tomcat:tomcat-websocket']"
2019-07-10 11:45:17,79324e2101d1938210c81abeeeb662d87569a105,"['com.h2database:h2', 'javax.json.bind:javax.json.bind-api', 'javax.json:javax.json-api', 'junit:junit', 'org.apache.cxf:cxf-integration-cdi', 'org.apache.cxf:cxf-rt-frontend-jaxrs', 'org.apache.cxf:cxf-rt-rs-client', 'org.apache.cxf:cxf-rt-rs-extension-providers', 'org.apache.cxf:cxf-rt-rs-json-basic', 'org.apache.geronimo.specs:geronimo-atinject_1.0_spec', 'org.apache.geronimo.specs:geronimo-interceptor_1.2_spec', 'org.apache.geronimo.specs:geronimo-jcdi_2.0_spec', 'org.apache.johnzon:johnzon-jsonb', 'org.apache.openwebbeans:openwebbeans-impl', 'org.apache.openwebbeans:openwebbeans-spi', 'org.apache.openwebbeans:openwebbeans-web', 'org.apache.tomcat:juli', 'org.apache.tomcat:tomcat-catalina', 'org.apache.tomcat:tomcat-catalina-ha', 'org.apache.tomcat:tomcat-dbcp', 'org.apache.tomcat:tomcat-jasper', 'org.apache.tomcat:tomcat-websocket']"
2019-07-16 09:12:20,0b5b2e28cfeb63657b28798e8ae54c035aca2951,"['com.h2database:h2', 'javax.json.bind:javax.json.bind-api', 'javax.json:javax.json-api', 'junit:junit', 'org.apache.cxf:cxf-integration-cdi', 'org.apache.cxf:cxf-rt-frontend-jaxrs', 'org.apache.cxf:cxf-rt-rs-client', 'org.apache.cxf:cxf-rt-rs-extension-providers', 'org.apache.cxf:cxf-rt-rs-json-basic', 'org.apache.geronimo.specs:geronimo-atinject_1.0_spec', 'org.apache.geronimo.specs:geronimo-interceptor_1.2_spec', 'org.apache.geronimo.specs:geronimo-jcdi_2.0_spec', 'org.apache.johnzon:johnzon-jsonb', 'org.apache.openwebbeans:openwebbeans-impl', 'org.apache.openwebbeans:openwebbeans-spi', 'org.apache.openwebbeans:openwebbeans-web', 'org.apache.tomcat:juli', 'org.apache.tomcat:tomcat-catalina', 'org.apache.tomcat:tomcat-catalina-ha', 'org.apache.tomcat:tomcat-dbcp', 'org.apache.tomcat:tomcat-jasper', 'org.apache.tomcat:tomcat-storeconfig', 'org.apache.tomcat:tomcat-websocket']"
2019-08-27 09:46:50,8f86f9264e13d296bc89fa82c41cdcfef259215a,"['com.h2database:h2', 'javax.json.bind:javax.json.bind-api', 'javax.json:javax.json-api', 'junit:junit', 'org.apache.cxf:cxf-integration-cdi', 'org.apache.cxf:cxf-rt-frontend-jaxrs', 'org.apache.cxf:cxf-rt-rs-client', 'org.apache.cxf:cxf-rt-rs-extension-providers', 'org.apache.cxf:cxf-rt-rs-json-basic', 'org.apache.geronimo.specs:geronimo-atinject_1.0_spec', 'org.apache.geronimo.specs:geronimo-interceptor_1.2_spec', 'org.apache.geronimo.specs:geronimo-jcdi_2.0_spec', 'org.apache.johnzon:johnzon-jsonb', 'org.apache.openwebbeans:openwebbeans-impl', 'org.apache.openwebbeans:openwebbeans-spi', 'org.apache.openwebbeans:openwebbeans-web', 'org.apache.tomcat:juli', 'org.apache.tomcat:tomcat-catalina', 'org.apache.tomcat:tomcat-catalina-ha', 'org.apache.tomcat:tomcat-dbcp', 'org.apache.tomcat:tomcat-jasper', 'org.apache.tomcat:tomcat-storeconfig', 'org.apache.tomcat:tomcat-websocket']"
2019-09-20 16:48:09,531cbfc1dab101b112c5f1967c173d0ffa10647d,"['com.h2database:h2', 'javax.json.bind:javax.json.bind-api', 'javax.json:javax.json-api', 'junit:junit', 'org.apache.cxf:cxf-integration-cdi', 'org.apache.cxf:cxf-rt-frontend-jaxrs', 'org.apache.cxf:cxf-rt-rs-client', 'org.apache.cxf:cxf-rt-rs-extension-providers', 'org.apache.cxf:cxf-rt-rs-json-basic', 'org.apache.geronimo.specs:geronimo-atinject_1.0_spec', 'org.apache.geronimo.specs:geronimo-interceptor_1.2_spec', 'org.apache.geronimo.specs:geronimo-jcdi_2.0_spec', 'org.apache.johnzon:johnzon-jsonb', 'org.apache.openwebbeans:openwebbeans-impl', 'org.apache.openwebbeans:openwebbeans-spi', 'org.apache.openwebbeans:openwebbeans-web', 'org.apache.tomcat:juli', 'org.apache.tomcat:tomcat-catalina', 'org.apache.tomcat:tomcat-catalina-ha', 'org.apache.tomcat:tomcat-dbcp', 'org.apache.tomcat:tomcat-jasper', 'org.apache.tomcat:tomcat-storeconfig', 'org.apache.tomcat:tomcat-websocket']"
2019-10-03 17:18:44,ec86527544650294068279316e26e00a987f3e13,"['com.h2database:h2', 'javax.json.bind:javax.json.bind-api', 'javax.json:javax.json-api', 'junit:junit', 'org.apache.cxf:cxf-integration-cdi', 'org.apache.cxf:cxf-rt-frontend-jaxrs', 'org.apache.cxf:cxf-rt-rs-client', 'org.apache.cxf:cxf-rt-rs-extension-providers', 'org.apache.cxf:cxf-rt-rs-json-basic', 'org.apache.geronimo.specs:geronimo-atinject_1.0_spec', 'org.apache.geronimo.specs:geronimo-interceptor_1.2_spec', 'org.apache.geronimo.specs:geronimo-jcdi_2.0_spec', 'org.apache.johnzon:johnzon-jsonb', 'org.apache.openwebbeans:openwebbeans-impl', 'org.apache.openwebbeans:openwebbeans-spi', 'org.apache.openwebbeans:openwebbeans-web', 'org.apache.tomcat:juli', 'org.apache.tomcat:tomcat-catalina', 'org.apache.tomcat:tomcat-catalina-ha', 'org.apache.tomcat:tomcat-dbcp', 'org.apache.tomcat:tomcat-jasper', 'org.apache.tomcat:tomcat-storeconfig', 'org.apache.tomcat:tomcat-websocket']"
2019-10-03 17:30:29,64b0a9874fc88fa89ae6bbaacc55f91de48e3878,"['com.h2database:h2', 'javax.json.bind:javax.json.bind-api', 'javax.json:javax.json-api', 'junit:junit', 'org.apache.cxf:cxf-integration-cdi', 'org.apache.cxf:cxf-rt-frontend-jaxrs', 'org.apache.cxf:cxf-rt-rs-client', 'org.apache.cxf:cxf-rt-rs-extension-providers', 'org.apache.cxf:cxf-rt-rs-json-basic', 'org.apache.geronimo.specs:geronimo-atinject_1.0_spec', 'org.apache.geronimo.specs:geronimo-interceptor_1.2_spec', 'org.apache.geronimo.specs:geronimo-jcdi_2.0_spec', 'org.apache.johnzon:johnzon-jsonb', 'org.apache.openwebbeans:openwebbeans-impl', 'org.apache.openwebbeans:openwebbeans-spi', 'org.apache.openwebbeans:openwebbeans-web', 'org.apache.tomcat:juli', 'org.apache.tomcat:tomcat-catalina', 'org.apache.tomcat:tomcat-catalina-ha', 'org.apache.tomcat:tomcat-dbcp', 'org.apache.tomcat:tomcat-jasper', 'org.apache.tomcat:tomcat-storeconfig', 'org.apache.tomcat:tomcat-websocket']"
2019-10-14 12:25:09,4892eda90d42666eed56ae94e1039b86b086627e,"['com.h2database:h2', 'javax.json.bind:javax.json.bind-api', 'javax.json:javax.json-api', 'junit:junit', 'org.apache.cxf:cxf-integration-cdi', 'org.apache.cxf:cxf-rt-frontend-jaxrs', 'org.apache.cxf:cxf-rt-rs-client', 'org.apache.cxf:cxf-rt-rs-extension-providers', 'org.apache.cxf:cxf-rt-rs-json-basic', 'org.apache.geronimo.specs:geronimo-atinject_1.0_spec', 'org.apache.geronimo.specs:geronimo-interceptor_1.2_spec', 'org.apache.geronimo.specs:geronimo-jcdi_2.0_spec', 'org.apache.johnzon:johnzon-jsonb', 'org.apache.openwebbeans:openwebbeans-impl', 'org.apache.openwebbeans:openwebbeans-spi', 'org.apache.openwebbeans:openwebbeans-web', 'org.apache.tomcat:juli', 'org.apache.tomcat:tomcat-catalina', 'org.apache.tomcat:tomcat-catalina-ha', 'org.apache.tomcat:tomcat-dbcp', 'org.apache.tomcat:tomcat-jasper', 'org.apache.tomcat:tomcat-storeconfig', 'org.apache.tomcat:tomcat-websocket']"
2019-11-15 12:12:58,2240c8db50e953e72940327c3f0ff6fb002446d2,"['com.h2database:h2', 'javax.json.bind:javax.json.bind-api', 'javax.json:javax.json-api', 'junit:junit', 'org.apache.cxf:cxf-integration-cdi', 'org.apache.cxf:cxf-rt-frontend-jaxrs', 'org.apache.cxf:cxf-rt-rs-client', 'org.apache.cxf:cxf-rt-rs-extension-providers', 'org.apache.cxf:cxf-rt-rs-json-basic', 'org.apache.geronimo.specs:geronimo-atinject_1.0_spec', 'org.apache.geronimo.specs:geronimo-interceptor_1.2_spec', 'org.apache.geronimo.specs:geronimo-jcdi_2.0_spec', 'org.apache.johnzon:johnzon-jsonb', 'org.apache.openwebbeans:openwebbeans-impl', 'org.apache.openwebbeans:openwebbeans-maven', 'org.apache.openwebbeans:openwebbeans-spi', 'org.apache.openwebbeans:openwebbeans-web', 'org.apache.tomcat:juli', 'org.apache.tomcat:tomcat-catalina', 'org.apache.tomcat:tomcat-catalina-ha', 'org.apache.tomcat:tomcat-dbcp', 'org.apache.tomcat:tomcat-jasper', 'org.apache.tomcat:tomcat-storeconfig', 'org.apache.tomcat:tomcat-websocket']"
2019-12-12 11:57:57,c7581e0caf1451eed84f9a353f1bcfd88be782b4,"['com.h2database:h2', 'javax.json.bind:javax.json.bind-api', 'javax.json:javax.json-api', 'junit:junit', 'org.apache.cxf:cxf-integration-cdi', 'org.apache.cxf:cxf-rt-frontend-jaxrs', 'org.apache.cxf:cxf-rt-rs-client', 'org.apache.cxf:cxf-rt-rs-extension-providers', 'org.apache.cxf:cxf-rt-rs-json-basic', 'org.apache.geronimo.specs:geronimo-atinject_1.0_spec', 'org.apache.geronimo.specs:geronimo-interceptor_1.2_spec', 'org.apache.geronimo.specs:geronimo-jcdi_2.0_spec', 'org.apache.johnzon:johnzon-jsonb', 'org.apache.openwebbeans:openwebbeans-impl', 'org.apache.openwebbeans:openwebbeans-maven', 'org.apache.openwebbeans:openwebbeans-spi', 'org.apache.openwebbeans:openwebbeans-web', 'org.apache.tomcat:juli', 'org.apache.tomcat:tomcat-catalina', 'org.apache.tomcat:tomcat-catalina-ha', 'org.apache.tomcat:tomcat-dbcp', 'org.apache.tomcat:tomcat-jasper', 'org.apache.tomcat:tomcat-storeconfig', 'org.apache.tomcat:tomcat-websocket']"
2020-02-21 18:18:53,55157b4bc9c6394e6694c9b168a36aa4771350d4,"['com.h2database:h2', 'javax.json.bind:javax.json.bind-api', 'javax.json:javax.json-api', 'junit:junit', 'org.apache.cxf:cxf-integration-cdi', 'org.apache.cxf:cxf-rt-frontend-jaxrs', 'org.apache.cxf:cxf-rt-rs-client', 'org.apache.cxf:cxf-rt-rs-extension-providers', 'org.apache.cxf:cxf-rt-rs-json-basic', 'org.apache.geronimo.specs:geronimo-atinject_1.0_spec', 'org.apache.geronimo.specs:geronimo-interceptor_1.2_spec', 'org.apache.geronimo.specs:geronimo-jcdi_2.0_spec', 'org.apache.johnzon:johnzon-jsonb', 'org.apache.openwebbeans:openwebbeans-impl', 'org.apache.openwebbeans:openwebbeans-maven', 'org.apache.openwebbeans:openwebbeans-spi', 'org.apache.openwebbeans:openwebbeans-web', 'org.apache.tomcat:juli', 'org.apache.tomcat:tomcat-catalina', 'org.apache.tomcat:tomcat-catalina-ha', 'org.apache.tomcat:tomcat-dbcp', 'org.apache.tomcat:tomcat-jasper', 'org.apache.tomcat:tomcat-storeconfig', 'org.apache.tomcat:tomcat-websocket']"
2020-02-25 16:27:19,8c60d0e573c5745ec8100a7814216b9b92596cfc,"['com.h2database:h2', 'javax.json.bind:javax.json.bind-api', 'javax.json:javax.json-api', 'junit:junit', 'org.apache.cxf:cxf-integration-cdi', 'org.apache.cxf:cxf-rt-frontend-jaxrs', 'org.apache.cxf:cxf-rt-rs-client', 'org.apache.cxf:cxf-rt-rs-extension-providers', 'org.apache.cxf:cxf-rt-rs-json-basic', 'org.apache.geronimo.specs:geronimo-atinject_1.0_spec', 'org.apache.geronimo.specs:geronimo-interceptor_1.2_spec', 'org.apache.geronimo.specs:geronimo-jcdi_2.0_spec', 'org.apache.johnzon:johnzon-jsonb', 'org.apache.openwebbeans:openwebbeans-impl', 'org.apache.openwebbeans:openwebbeans-maven', 'org.apache.openwebbeans:openwebbeans-spi', 'org.apache.openwebbeans:openwebbeans-web', 'org.apache.tomcat:juli', 'org.apache.tomcat:tomcat-catalina', 'org.apache.tomcat:tomcat-catalina-ha', 'org.apache.tomcat:tomcat-dbcp', 'org.apache.tomcat:tomcat-jasper', 'org.apache.tomcat:tomcat-storeconfig', 'org.apache.tomcat:tomcat-websocket']"
2020-03-02 11:55:10,9207db17f22400d305083a7825b02b863b39a144,"['com.h2database:h2', 'javax.json.bind:javax.json.bind-api', 'javax.json:javax.json-api', 'junit:junit', 'org.apache.cxf:cxf-integration-cdi', 'org.apache.cxf:cxf-rt-frontend-jaxrs', 'org.apache.cxf:cxf-rt-rs-client', 'org.apache.cxf:cxf-rt-rs-extension-providers', 'org.apache.cxf:cxf-rt-rs-json-basic', 'org.apache.geronimo.specs:geronimo-atinject_1.0_spec', 'org.apache.geronimo.specs:geronimo-interceptor_1.2_spec', 'org.apache.geronimo.specs:geronimo-jcdi_2.0_spec', 'org.apache.johnzon:johnzon-jsonb', 'org.apache.openwebbeans:openwebbeans-impl', 'org.apache.openwebbeans:openwebbeans-maven', 'org.apache.openwebbeans:openwebbeans-spi', 'org.apache.openwebbeans:openwebbeans-web', 'org.apache.tomcat:juli', 'org.apache.tomcat:tomcat-catalina', 'org.apache.tomcat:tomcat-catalina-ha', 'org.apache.tomcat:tomcat-dbcp', 'org.apache.tomcat:tomcat-jasper', 'org.apache.tomcat:tomcat-storeconfig', 'org.apache.tomcat:tomcat-websocket']"
2020-03-16 11:05:41,841014220b7883355cd1fe5f655284bf320802d8,"['com.h2database:h2', 'javax.json.bind:javax.json.bind-api', 'javax.json:javax.json-api', 'junit:junit', 'org.apache.cxf:cxf-integration-cdi', 'org.apache.cxf:cxf-rt-frontend-jaxrs', 'org.apache.cxf:cxf-rt-rs-client', 'org.apache.cxf:cxf-rt-rs-extension-providers', 'org.apache.cxf:cxf-rt-rs-json-basic', 'org.apache.geronimo.specs:geronimo-atinject_1.0_spec', 'org.apache.geronimo.specs:geronimo-interceptor_1.2_spec', 'org.apache.geronimo.specs:geronimo-jcdi_2.0_spec', 'org.apache.johnzon:johnzon-jsonb', 'org.apache.openwebbeans:openwebbeans-impl', 'org.apache.openwebbeans:openwebbeans-maven', 'org.apache.openwebbeans:openwebbeans-spi', 'org.apache.openwebbeans:openwebbeans-web', 'org.apache.tomcat:juli', 'org.apache.tomcat:tomcat-catalina', 'org.apache.tomcat:tomcat-catalina-ha', 'org.apache.tomcat:tomcat-dbcp', 'org.apache.tomcat:tomcat-jasper', 'org.apache.tomcat:tomcat-storeconfig', 'org.apache.tomcat:tomcat-websocket']"
2020-03-31 12:56:25,8486778576842fd26d2bec1751fd710e554de92e,"['com.h2database:h2', 'javax.json.bind:javax.json.bind-api', 'javax.json:javax.json-api', 'junit:junit', 'org.apache.cxf:cxf-integration-cdi', 'org.apache.cxf:cxf-rt-frontend-jaxrs', 'org.apache.cxf:cxf-rt-rs-client', 'org.apache.cxf:cxf-rt-rs-extension-providers', 'org.apache.cxf:cxf-rt-rs-json-basic', 'org.apache.geronimo.specs:geronimo-atinject_1.0_spec', 'org.apache.geronimo.specs:geronimo-interceptor_1.2_spec', 'org.apache.geronimo.specs:geronimo-jcdi_2.0_spec', 'org.apache.johnzon:johnzon-jsonb', 'org.apache.openwebbeans:openwebbeans-impl', 'org.apache.openwebbeans:openwebbeans-maven', 'org.apache.openwebbeans:openwebbeans-spi', 'org.apache.openwebbeans:openwebbeans-web', 'org.apache.tomcat:juli', 'org.apache.tomcat:tomcat-catalina', 'org.apache.tomcat:tomcat-catalina-ha', 'org.apache.tomcat:tomcat-dbcp', 'org.apache.tomcat:tomcat-jasper', 'org.apache.tomcat:tomcat-storeconfig', 'org.apache.tomcat:tomcat-websocket']"
2020-06-15 15:18:58,eeafcd76feaae0558e0e6c60ac4d9ad00b3d221b,"['com.h2database:h2', 'javax.json.bind:javax.json.bind-api', 'javax.json:javax.json-api', 'junit:junit', 'org.apache.cxf:cxf-integration-cdi', 'org.apache.cxf:cxf-rt-frontend-jaxrs', 'org.apache.cxf:cxf-rt-rs-client', 'org.apache.cxf:cxf-rt-rs-extension-providers', 'org.apache.cxf:cxf-rt-rs-json-basic', 'org.apache.geronimo.specs:geronimo-atinject_1.0_spec', 'org.apache.geronimo.specs:geronimo-interceptor_1.2_spec', 'org.apache.geronimo.specs:geronimo-jcdi_2.0_spec', 'org.apache.johnzon:johnzon-jsonb', 'org.apache.openwebbeans:openwebbeans-impl', 'org.apache.openwebbeans:openwebbeans-spi', 'org.apache.openwebbeans:openwebbeans-web', 'org.apache.tomcat:juli', 'org.apache.tomcat:tomcat-catalina', 'org.apache.tomcat:tomcat-catalina-ha', 'org.apache.tomcat:tomcat-dbcp', 'org.apache.tomcat:tomcat-jasper', 'org.apache.tomcat:tomcat-storeconfig', 'org.apache.tomcat:tomcat-websocket']"
2020-06-25 14:56:54,a1a445749526a4497908270e3b2bfbff15066b8a,"['com.h2database:h2', 'javax.json.bind:javax.json.bind-api', 'javax.json:javax.json-api', 'junit:junit', 'org.apache.cxf:cxf-integration-cdi', 'org.apache.cxf:cxf-rt-frontend-jaxrs', 'org.apache.cxf:cxf-rt-rs-client', 'org.apache.cxf:cxf-rt-rs-extension-providers', 'org.apache.cxf:cxf-rt-rs-json-basic', 'org.apache.geronimo.specs:geronimo-atinject_1.0_spec', 'org.apache.geronimo.specs:geronimo-interceptor_1.2_spec', 'org.apache.geronimo.specs:geronimo-jcdi_2.0_spec', 'org.apache.johnzon:johnzon-jsonb', 'org.apache.openwebbeans:openwebbeans-impl', 'org.apache.openwebbeans:openwebbeans-spi', 'org.apache.openwebbeans:openwebbeans-web', 'org.apache.tomcat:juli', 'org.apache.tomcat:tomcat-catalina', 'org.apache.tomcat:tomcat-catalina-ha', 'org.apache.tomcat:tomcat-dbcp', 'org.apache.tomcat:tomcat-jasper', 'org.apache.tomcat:tomcat-storeconfig', 'org.apache.tomcat:tomcat-websocket']"
2020-09-24 10:12:10,6e509a856bfb9c2912b7451183f851afe77ed67a,"['com.h2database:h2', 'javax.json.bind:javax.json.bind-api', 'javax.json:javax.json-api', 'junit:junit', 'org.apache.cxf:cxf-integration-cdi', 'org.apache.cxf:cxf-rt-frontend-jaxrs', 'org.apache.cxf:cxf-rt-rs-client', 'org.apache.cxf:cxf-rt-rs-extension-providers', 'org.apache.cxf:cxf-rt-rs-json-basic', 'org.apache.geronimo.specs:geronimo-atinject_1.0_spec', 'org.apache.geronimo.specs:geronimo-interceptor_1.2_spec', 'org.apache.geronimo.specs:geronimo-jcdi_2.0_spec', 'org.apache.johnzon:johnzon-jsonb', 'org.apache.openwebbeans:openwebbeans-impl', 'org.apache.openwebbeans:openwebbeans-spi', 'org.apache.openwebbeans:openwebbeans-web', 'org.apache.tomcat:juli', 'org.apache.tomcat:tomcat-catalina', 'org.apache.tomcat:tomcat-catalina-ha', 'org.apache.tomcat:tomcat-dbcp', 'org.apache.tomcat:tomcat-jasper', 'org.apache.tomcat:tomcat-storeconfig', 'org.apache.tomcat:tomcat-websocket']"
2020-09-24 11:16:31,8713546e8eaede2038e4ae9d293e8a335931b9dc,"['com.h2database:h2', 'javax.json.bind:javax.json.bind-api', 'javax.json:javax.json-api', 'junit:junit', 'org.apache.cxf:cxf-integration-cdi', 'org.apache.cxf:cxf-rt-frontend-jaxrs', 'org.apache.cxf:cxf-rt-rs-client', 'org.apache.cxf:cxf-rt-rs-extension-providers', 'org.apache.cxf:cxf-rt-rs-json-basic', 'org.apache.geronimo.specs:geronimo-atinject_1.0_spec', 'org.apache.geronimo.specs:geronimo-interceptor_1.2_spec', 'org.apache.geronimo.specs:geronimo-jcdi_2.0_spec', 'org.apache.johnzon:johnzon-jsonb', 'org.apache.openwebbeans:openwebbeans-impl', 'org.apache.openwebbeans:openwebbeans-spi', 'org.apache.openwebbeans:openwebbeans-web', 'org.apache.tomcat:juli', 'org.apache.tomcat:tomcat-catalina', 'org.apache.tomcat:tomcat-catalina-ha', 'org.apache.tomcat:tomcat-dbcp', 'org.apache.tomcat:tomcat-jasper', 'org.apache.tomcat:tomcat-storeconfig', 'org.apache.tomcat:tomcat-websocket']"
2020-11-18 10:17:19,8b8d7e1f72b9dee6eff0ebd468340511e1298580,"['com.h2database:h2', 'javax.json.bind:javax.json.bind-api', 'javax.json:javax.json-api', 'junit:junit', 'org.apache.cxf:cxf-integration-cdi', 'org.apache.cxf:cxf-rt-frontend-jaxrs', 'org.apache.cxf:cxf-rt-rs-client', 'org.apache.cxf:cxf-rt-rs-extension-providers', 'org.apache.cxf:cxf-rt-rs-json-basic', 'org.apache.geronimo.specs:geronimo-atinject_1.0_spec', 'org.apache.geronimo.specs:geronimo-interceptor_1.2_spec', 'org.apache.geronimo.specs:geronimo-jcdi_2.0_spec', 'org.apache.johnzon:johnzon-jsonb', 'org.apache.openwebbeans:openwebbeans-impl', 'org.apache.openwebbeans:openwebbeans-spi', 'org.apache.openwebbeans:openwebbeans-web', 'org.apache.tomcat:juli', 'org.apache.tomcat:tomcat-catalina', 'org.apache.tomcat:tomcat-catalina-ha', 'org.apache.tomcat:tomcat-dbcp', 'org.apache.tomcat:tomcat-jasper', 'org.apache.tomcat:tomcat-storeconfig', 'org.apache.tomcat:tomcat-websocket']"
2020-12-09 14:18:23,630adb6272beb02cd709465441e841f2d362b6fb,"['com.h2database:h2', 'javax.json.bind:javax.json.bind-api', 'javax.json:javax.json-api', 'junit:junit', 'org.apache.cxf:cxf-integration-cdi', 'org.apache.cxf:cxf-rt-frontend-jaxrs', 'org.apache.cxf:cxf-rt-rs-client', 'org.apache.cxf:cxf-rt-rs-extension-providers', 'org.apache.cxf:cxf-rt-rs-json-basic', 'org.apache.geronimo.specs:geronimo-atinject_1.0_spec', 'org.apache.geronimo.specs:geronimo-interceptor_1.2_spec', 'org.apache.geronimo.specs:geronimo-jcdi_2.0_spec', 'org.apache.johnzon:johnzon-jsonb', 'org.apache.openwebbeans:openwebbeans-impl', 'org.apache.openwebbeans:openwebbeans-spi', 'org.apache.openwebbeans:openwebbeans-web', 'org.apache.tomcat:juli', 'org.apache.tomcat:tomcat-catalina', 'org.apache.tomcat:tomcat-catalina-ha', 'org.apache.tomcat:tomcat-dbcp', 'org.apache.tomcat:tomcat-jasper', 'org.apache.tomcat:tomcat-storeconfig', 'org.apache.tomcat:tomcat-websocket']"
2021-02-08 10:12:08,052ff33d95cb96958ff2af8371a32bbc563d9145,"['com.h2database:h2', 'javax.json.bind:javax.json.bind-api', 'javax.json:javax.json-api', 'junit:junit', 'org.apache.cxf:cxf-integration-cdi', 'org.apache.cxf:cxf-rt-frontend-jaxrs', 'org.apache.cxf:cxf-rt-rs-client', 'org.apache.cxf:cxf-rt-rs-extension-providers', 'org.apache.cxf:cxf-rt-rs-json-basic', 'org.apache.geronimo.specs:geronimo-atinject_1.0_spec', 'org.apache.geronimo.specs:geronimo-interceptor_1.2_spec', 'org.apache.geronimo.specs:geronimo-jcdi_2.0_spec', 'org.apache.johnzon:johnzon-jsonb', 'org.apache.openwebbeans:openwebbeans-impl', 'org.apache.openwebbeans:openwebbeans-spi', 'org.apache.openwebbeans:openwebbeans-web', 'org.apache.tomcat:juli', 'org.apache.tomcat:tomcat-catalina', 'org.apache.tomcat:tomcat-catalina-ha', 'org.apache.tomcat:tomcat-dbcp', 'org.apache.tomcat:tomcat-jasper', 'org.apache.tomcat:tomcat-storeconfig', 'org.apache.tomcat:tomcat-websocket']"
2021-02-08 11:28:19,86262775315e03bb8c4c1eb0d0753aacbbe8b391,"['com.h2database:h2', 'javax.json.bind:javax.json.bind-api', 'javax.json:javax.json-api', 'junit:junit', 'org.apache.cxf:cxf-integration-cdi', 'org.apache.cxf:cxf-rt-frontend-jaxrs', 'org.apache.cxf:cxf-rt-rs-client', 'org.apache.cxf:cxf-rt-rs-extension-providers', 'org.apache.cxf:cxf-rt-rs-json-basic', 'org.apache.geronimo.specs:geronimo-atinject_1.0_spec', 'org.apache.geronimo.specs:geronimo-interceptor_1.2_spec', 'org.apache.geronimo.specs:geronimo-jcdi_2.0_spec', 'org.apache.johnzon:johnzon-jsonb', 'org.apache.openwebbeans:openwebbeans-impl', 'org.apache.openwebbeans:openwebbeans-spi', 'org.apache.openwebbeans:openwebbeans-web', 'org.apache.tomcat:juli', 'org.apache.tomcat:tomcat-catalina', 'org.apache.tomcat:tomcat-catalina-ha', 'org.apache.tomcat:tomcat-dbcp', 'org.apache.tomcat:tomcat-jasper', 'org.apache.tomcat:tomcat-storeconfig', 'org.apache.tomcat:tomcat-websocket']"
2021-04-07 10:05:56,d51a1863f2dd9ccff4de4afe07399676fce16d29,"['com.h2database:h2', 'javax.json.bind:javax.json.bind-api', 'javax.json:javax.json-api', 'junit:junit', 'org.apache.cxf:cxf-integration-cdi', 'org.apache.cxf:cxf-rt-frontend-jaxrs', 'org.apache.cxf:cxf-rt-rs-client', 'org.apache.cxf:cxf-rt-rs-extension-providers', 'org.apache.cxf:cxf-rt-rs-json-basic', 'org.apache.geronimo.specs:geronimo-atinject_1.0_spec', 'org.apache.geronimo.specs:geronimo-interceptor_1.2_spec', 'org.apache.geronimo.specs:geronimo-jcdi_2.0_spec', 'org.apache.johnzon:johnzon-jsonb', 'org.apache.openwebbeans:openwebbeans-impl', 'org.apache.openwebbeans:openwebbeans-spi', 'org.apache.openwebbeans:openwebbeans-web', 'org.apache.tomcat:juli', 'org.apache.tomcat:tomcat-catalina', 'org.apache.tomcat:tomcat-catalina-ha', 'org.apache.tomcat:tomcat-dbcp', 'org.apache.tomcat:tomcat-jasper', 'org.apache.tomcat:tomcat-storeconfig', 'org.apache.tomcat:tomcat-websocket']"
2021-06-07 09:26:43,8424677bcd703115ac6f31e1947ecd220e156880,"['com.h2database:h2', 'javax.json.bind:javax.json.bind-api', 'javax.json:javax.json-api', 'junit:junit', 'org.apache.cxf:cxf-integration-cdi', 'org.apache.cxf:cxf-rt-frontend-jaxrs', 'org.apache.cxf:cxf-rt-rs-client', 'org.apache.cxf:cxf-rt-rs-extension-providers', 'org.apache.cxf:cxf-rt-rs-json-basic', 'org.apache.geronimo.specs:geronimo-atinject_1.0_spec', 'org.apache.geronimo.specs:geronimo-interceptor_1.2_spec', 'org.apache.geronimo.specs:geronimo-jcdi_2.0_spec', 'org.apache.johnzon:johnzon-jsonb', 'org.apache.openwebbeans:openwebbeans-impl', 'org.apache.openwebbeans:openwebbeans-spi', 'org.apache.openwebbeans:openwebbeans-web', 'org.apache.tomcat:juli', 'org.apache.tomcat:tomcat-catalina', 'org.apache.tomcat:tomcat-catalina-ha', 'org.apache.tomcat:tomcat-dbcp', 'org.apache.tomcat:tomcat-jasper', 'org.apache.tomcat:tomcat-storeconfig', 'org.apache.tomcat:tomcat-websocket']"
2021-06-11 09:43:36,a5064b89bc61e26898240f60c3a582f142f12d07,"['com.h2database:h2', 'javax.json.bind:javax.json.bind-api', 'javax.json:javax.json-api', 'junit:junit', 'org.apache.cxf:cxf-integration-cdi', 'org.apache.cxf:cxf-rt-frontend-jaxrs', 'org.apache.cxf:cxf-rt-rs-client', 'org.apache.cxf:cxf-rt-rs-extension-providers', 'org.apache.cxf:cxf-rt-rs-json-basic', 'org.apache.geronimo.specs:geronimo-atinject_1.0_spec', 'org.apache.geronimo.specs:geronimo-interceptor_1.2_spec', 'org.apache.geronimo.specs:geronimo-jcdi_2.0_spec', 'org.apache.johnzon:johnzon-jsonb', 'org.apache.openwebbeans:openwebbeans-impl', 'org.apache.openwebbeans:openwebbeans-spi', 'org.apache.openwebbeans:openwebbeans-web', 'org.apache.tomcat:juli', 'org.apache.tomcat:tomcat-catalina', 'org.apache.tomcat:tomcat-catalina-ha', 'org.apache.tomcat:tomcat-dbcp', 'org.apache.tomcat:tomcat-jasper', 'org.apache.tomcat:tomcat-storeconfig', 'org.apache.tomcat:tomcat-websocket']"
2021-06-23 17:18:01,2a792b62422f53f2a32cf2261ca0e0a64c352eb8,"['com.h2database:h2', 'javax.json.bind:javax.json.bind-api', 'javax.json:javax.json-api', 'junit:junit', 'org.apache.cxf:cxf-integration-cdi', 'org.apache.cxf:cxf-rt-frontend-jaxrs', 'org.apache.cxf:cxf-rt-rs-client', 'org.apache.cxf:cxf-rt-rs-extension-providers', 'org.apache.cxf:cxf-rt-rs-json-basic', 'org.apache.geronimo.specs:geronimo-atinject_1.0_spec', 'org.apache.geronimo.specs:geronimo-interceptor_1.2_spec', 'org.apache.geronimo.specs:geronimo-jcdi_2.0_spec', 'org.apache.johnzon:johnzon-jsonb', 'org.apache.openwebbeans:openwebbeans-impl', 'org.apache.openwebbeans:openwebbeans-spi', 'org.apache.openwebbeans:openwebbeans-web', 'org.apache.tomcat:juli', 'org.apache.tomcat:tomcat-catalina', 'org.apache.tomcat:tomcat-catalina-ha', 'org.apache.tomcat:tomcat-dbcp', 'org.apache.tomcat:tomcat-jasper', 'org.apache.tomcat:tomcat-storeconfig', 'org.apache.tomcat:tomcat-websocket']"
2021-12-09 10:10:48,f8dd1fe742bc404578efe52a6c1b9ae5fbd058c3,"['com.h2database:h2', 'javax.json.bind:javax.json.bind-api', 'javax.json:javax.json-api', 'junit:junit', 'org.apache.cxf:cxf-integration-cdi', 'org.apache.cxf:cxf-rt-frontend-jaxrs', 'org.apache.cxf:cxf-rt-rs-client', 'org.apache.cxf:cxf-rt-rs-extension-providers', 'org.apache.cxf:cxf-rt-rs-json-basic', 'org.apache.geronimo.specs:geronimo-atinject_1.0_spec', 'org.apache.geronimo.specs:geronimo-interceptor_1.2_spec', 'org.apache.geronimo.specs:geronimo-jcdi_2.0_spec', 'org.apache.johnzon:johnzon-jsonb', 'org.apache.openwebbeans:openwebbeans-impl', 'org.apache.openwebbeans:openwebbeans-spi', 'org.apache.openwebbeans:openwebbeans-web', 'org.apache.tomcat:juli', 'org.apache.tomcat:tomcat-catalina', 'org.apache.tomcat:tomcat-catalina-ha', 'org.apache.tomcat:tomcat-dbcp', 'org.apache.tomcat:tomcat-jasper', 'org.apache.tomcat:tomcat-storeconfig', 'org.apache.tomcat:tomcat-websocket']"
2021-12-23 15:57:36,f52fde372b0a68c09e0f60a7d8c9ac14f6421ac6,"['com.h2database:h2', 'javax.json.bind:javax.json.bind-api', 'javax.json:javax.json-api', 'junit:junit', 'org.apache.cxf:cxf-integration-cdi', 'org.apache.cxf:cxf-rt-frontend-jaxrs', 'org.apache.cxf:cxf-rt-rs-client', 'org.apache.cxf:cxf-rt-rs-extension-providers', 'org.apache.cxf:cxf-rt-rs-json-basic', 'org.apache.geronimo.specs:geronimo-atinject_1.0_spec', 'org.apache.geronimo.specs:geronimo-interceptor_1.2_spec', 'org.apache.geronimo.specs:geronimo-jcdi_2.0_spec', 'org.apache.johnzon:johnzon-jsonb', 'org.apache.openwebbeans:openwebbeans-impl', 'org.apache.openwebbeans:openwebbeans-spi', 'org.apache.openwebbeans:openwebbeans-web', 'org.apache.tomcat:juli', 'org.apache.tomcat:tomcat-catalina', 'org.apache.tomcat:tomcat-catalina-ha', 'org.apache.tomcat:tomcat-dbcp', 'org.apache.tomcat:tomcat-jasper', 'org.apache.tomcat:tomcat-storeconfig', 'org.apache.tomcat:tomcat-websocket']"
2022-01-02 17:43:35,18b4c0f505e5d7b40f28defea36732146cd67159,"['com.h2database:h2', 'javax.json.bind:javax.json.bind-api', 'javax.json:javax.json-api', 'junit:junit', 'org.apache.cxf:cxf-integration-cdi', 'org.apache.cxf:cxf-rt-frontend-jaxrs', 'org.apache.cxf:cxf-rt-rs-client', 'org.apache.cxf:cxf-rt-rs-extension-providers', 'org.apache.cxf:cxf-rt-rs-json-basic', 'org.apache.geronimo.specs:geronimo-atinject_1.0_spec', 'org.apache.geronimo.specs:geronimo-interceptor_1.2_spec', 'org.apache.geronimo.specs:geronimo-jcdi_2.0_spec', 'org.apache.johnzon:johnzon-jsonb', 'org.apache.openwebbeans:openwebbeans-impl', 'org.apache.openwebbeans:openwebbeans-spi', 'org.apache.openwebbeans:openwebbeans-web', 'org.apache.tomcat:tomcat-catalina', 'org.apache.tomcat:tomcat-catalina-ha', 'org.apache.tomcat:tomcat-dbcp', 'org.apache.tomcat:tomcat-jasper', 'org.apache.tomcat:tomcat-juli', 'org.apache.tomcat:tomcat-storeconfig', 'org.apache.tomcat:tomcat-websocket']"
2022-01-07 19:51:29,212ca30334a5308aae914e43d87046e225557c4a,"['com.h2database:h2', 'javax.json.bind:javax.json.bind-api', 'javax.json:javax.json-api', 'junit:junit', 'org.apache.cxf:cxf-integration-cdi', 'org.apache.cxf:cxf-rt-frontend-jaxrs', 'org.apache.cxf:cxf-rt-rs-client', 'org.apache.cxf:cxf-rt-rs-extension-providers', 'org.apache.cxf:cxf-rt-rs-json-basic', 'org.apache.geronimo.specs:geronimo-atinject_1.0_spec', 'org.apache.geronimo.specs:geronimo-interceptor_1.2_spec', 'org.apache.geronimo.specs:geronimo-jcdi_2.0_spec', 'org.apache.johnzon:johnzon-jsonb', 'org.apache.openwebbeans:openwebbeans-impl', 'org.apache.openwebbeans:openwebbeans-spi', 'org.apache.openwebbeans:openwebbeans-web', 'org.apache.tomcat:tomcat-catalina', 'org.apache.tomcat:tomcat-catalina-ha', 'org.apache.tomcat:tomcat-dbcp', 'org.apache.tomcat:tomcat-jasper', 'org.apache.tomcat:tomcat-juli', 'org.apache.tomcat:tomcat-storeconfig', 'org.apache.tomcat:tomcat-websocket']"
2022-01-26 13:24:35,52f627ee0b2867c5597251ee7982b458783efae4,"['com.h2database:h2', 'javax.json.bind:javax.json.bind-api', 'javax.json:javax.json-api', 'junit:junit', 'org.apache.cxf:cxf-integration-cdi', 'org.apache.cxf:cxf-rt-frontend-jaxrs', 'org.apache.cxf:cxf-rt-rs-client', 'org.apache.cxf:cxf-rt-rs-extension-providers', 'org.apache.cxf:cxf-rt-rs-json-basic', 'org.apache.geronimo.specs:geronimo-atinject_1.0_spec', 'org.apache.geronimo.specs:geronimo-interceptor_1.2_spec', 'org.apache.geronimo.specs:geronimo-jcdi_2.0_spec', 'org.apache.johnzon:johnzon-jsonb', 'org.apache.openwebbeans:openwebbeans-impl', 'org.apache.openwebbeans:openwebbeans-spi', 'org.apache.openwebbeans:openwebbeans-web', 'org.apache.tomcat:tomcat-catalina', 'org.apache.tomcat:tomcat-catalina-ha', 'org.apache.tomcat:tomcat-dbcp', 'org.apache.tomcat:tomcat-jasper', 'org.apache.tomcat:tomcat-juli', 'org.apache.tomcat:tomcat-storeconfig', 'org.apache.tomcat:tomcat-websocket']"
2022-01-26 15:43:53,a05603de0fc5ae1ee60d41ea8677f96818a9b11f,"['com.h2database:h2', 'javax.json.bind:javax.json.bind-api', 'javax.json:javax.json-api', 'junit:junit', 'org.apache.cxf:cxf-integration-cdi', 'org.apache.cxf:cxf-rt-frontend-jaxrs', 'org.apache.cxf:cxf-rt-rs-client', 'org.apache.cxf:cxf-rt-rs-extension-providers', 'org.apache.cxf:cxf-rt-rs-json-basic', 'org.apache.geronimo.specs:geronimo-atinject_1.0_spec', 'org.apache.geronimo.specs:geronimo-interceptor_1.2_spec', 'org.apache.geronimo.specs:geronimo-jcdi_2.0_spec', 'org.apache.johnzon:johnzon-jsonb', 'org.apache.openwebbeans:openwebbeans-impl', 'org.apache.openwebbeans:openwebbeans-spi', 'org.apache.openwebbeans:openwebbeans-web', 'org.apache.tomcat:tomcat-catalina', 'org.apache.tomcat:tomcat-catalina-ha', 'org.apache.tomcat:tomcat-dbcp', 'org.apache.tomcat:tomcat-jasper', 'org.apache.tomcat:tomcat-juli', 'org.apache.tomcat:tomcat-storeconfig', 'org.apache.tomcat:tomcat-websocket']"
2022-02-10 13:47:35,ca8e2c2529b59270b3ee67286cea59ee4e6780f0,"['com.h2database:h2', 'javax.json.bind:javax.json.bind-api', 'javax.json:javax.json-api', 'junit:junit', 'org.apache.cxf:cxf-integration-cdi', 'org.apache.cxf:cxf-rt-frontend-jaxrs', 'org.apache.cxf:cxf-rt-rs-client', 'org.apache.cxf:cxf-rt-rs-extension-providers', 'org.apache.cxf:cxf-rt-rs-json-basic', 'org.apache.geronimo.specs:geronimo-atinject_1.0_spec', 'org.apache.geronimo.specs:geronimo-interceptor_1.2_spec', 'org.apache.geronimo.specs:geronimo-jcdi_2.0_spec', 'org.apache.johnzon:johnzon-jsonb', 'org.apache.openwebbeans:openwebbeans-impl', 'org.apache.openwebbeans:openwebbeans-spi', 'org.apache.openwebbeans:openwebbeans-web', 'org.apache.tomcat:tomcat-catalina', 'org.apache.tomcat:tomcat-catalina-ha', 'org.apache.tomcat:tomcat-dbcp', 'org.apache.tomcat:tomcat-jasper', 'org.apache.tomcat:tomcat-juli', 'org.apache.tomcat:tomcat-storeconfig', 'org.apache.tomcat:tomcat-websocket']"
2022-03-18 10:17:42,76b2641ae9704822b9446426e3f330ab45672a9f,"['com.h2database:h2', 'javax.json.bind:javax.json.bind-api', 'javax.json:javax.json-api', 'junit:junit', 'org.apache.cxf:cxf-integration-cdi', 'org.apache.cxf:cxf-rt-frontend-jaxrs', 'org.apache.cxf:cxf-rt-rs-client', 'org.apache.cxf:cxf-rt-rs-extension-providers', 'org.apache.cxf:cxf-rt-rs-json-basic', 'org.apache.geronimo.specs:geronimo-atinject_1.0_spec', 'org.apache.geronimo.specs:geronimo-interceptor_1.2_spec', 'org.apache.geronimo.specs:geronimo-jcdi_2.0_spec', 'org.apache.johnzon:johnzon-jsonb', 'org.apache.openwebbeans:openwebbeans-impl', 'org.apache.openwebbeans:openwebbeans-spi', 'org.apache.openwebbeans:openwebbeans-web', 'org.apache.tomcat:tomcat-catalina', 'org.apache.tomcat:tomcat-catalina-ha', 'org.apache.tomcat:tomcat-dbcp', 'org.apache.tomcat:tomcat-jasper', 'org.apache.tomcat:tomcat-juli', 'org.apache.tomcat:tomcat-storeconfig', 'org.apache.tomcat:tomcat-websocket']"
2022-04-01 17:09:30,99372e638898e32a7af83c5a7b0b760dfb6d02f3,"['com.h2database:h2', 'javax.json.bind:javax.json.bind-api', 'javax.json:javax.json-api', 'junit:junit', 'org.apache.cxf:cxf-integration-cdi', 'org.apache.cxf:cxf-rt-frontend-jaxrs', 'org.apache.cxf:cxf-rt-rs-client', 'org.apache.cxf:cxf-rt-rs-extension-providers', 'org.apache.cxf:cxf-rt-rs-json-basic', 'org.apache.geronimo.specs:geronimo-atinject_1.0_spec', 'org.apache.geronimo.specs:geronimo-interceptor_1.2_spec', 'org.apache.geronimo.specs:geronimo-jcdi_2.0_spec', 'org.apache.johnzon:johnzon-jsonb', 'org.apache.openwebbeans:openwebbeans-impl', 'org.apache.openwebbeans:openwebbeans-spi', 'org.apache.openwebbeans:openwebbeans-web', 'org.apache.tomcat:tomcat-catalina', 'org.apache.tomcat:tomcat-catalina-ha', 'org.apache.tomcat:tomcat-dbcp', 'org.apache.tomcat:tomcat-jasper', 'org.apache.tomcat:tomcat-juli', 'org.apache.tomcat:tomcat-storeconfig', 'org.apache.tomcat:tomcat-websocket']"
2022-05-12 10:28:16,a4c63200e929533fde6dcff44d97259e8b753a5c,"['com.h2database:h2', 'javax.json.bind:javax.json.bind-api', 'javax.json:javax.json-api', 'junit:junit', 'org.apache.cxf:cxf-integration-cdi', 'org.apache.cxf:cxf-rt-frontend-jaxrs', 'org.apache.cxf:cxf-rt-rs-client', 'org.apache.cxf:cxf-rt-rs-extension-providers', 'org.apache.cxf:cxf-rt-rs-json-basic', 'org.apache.geronimo.specs:geronimo-atinject_1.0_spec', 'org.apache.geronimo.specs:geronimo-interceptor_1.2_spec', 'org.apache.geronimo.specs:geronimo-jcdi_2.0_spec', 'org.apache.johnzon:johnzon-jsonb', 'org.apache.openwebbeans:openwebbeans-impl', 'org.apache.openwebbeans:openwebbeans-spi', 'org.apache.openwebbeans:openwebbeans-web', 'org.apache.tomcat:tomcat-catalina', 'org.apache.tomcat:tomcat-catalina-ha', 'org.apache.tomcat:tomcat-dbcp', 'org.apache.tomcat:tomcat-jasper', 'org.apache.tomcat:tomcat-juli', 'org.apache.tomcat:tomcat-storeconfig', 'org.apache.tomcat:tomcat-websocket']"
2022-09-28 15:51:24,269285469062ce1eb5986b6e3151e34f47408c34,"['com.h2database:h2', 'javax.json.bind:javax.json.bind-api', 'javax.json:javax.json-api', 'junit:junit', 'org.apache.cxf:cxf-integration-cdi', 'org.apache.cxf:cxf-rt-frontend-jaxrs', 'org.apache.cxf:cxf-rt-rs-client', 'org.apache.cxf:cxf-rt-rs-extension-providers', 'org.apache.cxf:cxf-rt-rs-json-basic', 'org.apache.geronimo.specs:geronimo-atinject_1.0_spec', 'org.apache.geronimo.specs:geronimo-interceptor_1.2_spec', 'org.apache.geronimo.specs:geronimo-jcdi_2.0_spec', 'org.apache.johnzon:johnzon-jsonb', 'org.apache.openwebbeans:openwebbeans-impl', 'org.apache.openwebbeans:openwebbeans-spi', 'org.apache.openwebbeans:openwebbeans-web', 'org.apache.tomcat:tomcat-catalina', 'org.apache.tomcat:tomcat-catalina-ha', 'org.apache.tomcat:tomcat-dbcp', 'org.apache.tomcat:tomcat-jasper', 'org.apache.tomcat:tomcat-juli', 'org.apache.tomcat:tomcat-storeconfig', 'org.apache.tomcat:tomcat-websocket']"
2022-10-11 19:59:22,f04018e7ce8b3865bcebe68d5c8489a4fea81acb,"['com.h2database:h2', 'javax.json.bind:javax.json.bind-api', 'javax.json:javax.json-api', 'junit:junit', 'org.apache.cxf:cxf-integration-cdi', 'org.apache.cxf:cxf-rt-frontend-jaxrs', 'org.apache.cxf:cxf-rt-rs-client', 'org.apache.cxf:cxf-rt-rs-extension-providers', 'org.apache.cxf:cxf-rt-rs-json-basic', 'org.apache.geronimo.specs:geronimo-atinject_1.0_spec', 'org.apache.geronimo.specs:geronimo-interceptor_1.2_spec', 'org.apache.geronimo.specs:geronimo-jcdi_2.0_spec', 'org.apache.johnzon:johnzon-jsonb', 'org.apache.openwebbeans:openwebbeans-impl', 'org.apache.openwebbeans:openwebbeans-spi', 'org.apache.openwebbeans:openwebbeans-web', 'org.apache.tomcat:tomcat-catalina', 'org.apache.tomcat:tomcat-catalina-ha', 'org.apache.tomcat:tomcat-dbcp', 'org.apache.tomcat:tomcat-jasper', 'org.apache.tomcat:tomcat-juli', 'org.apache.tomcat:tomcat-storeconfig', 'org.apache.tomcat:tomcat-websocket']"
2022-10-11 20:20:19,3757678986edf6d19278b4aebd97616a6b98aba0,"['com.h2database:h2', 'javax.json.bind:javax.json.bind-api', 'javax.json:javax.json-api', 'junit:junit', 'org.apache.cxf:cxf-integration-cdi', 'org.apache.cxf:cxf-rt-frontend-jaxrs', 'org.apache.cxf:cxf-rt-rs-client', 'org.apache.cxf:cxf-rt-rs-extension-providers', 'org.apache.cxf:cxf-rt-rs-json-basic', 'org.apache.geronimo.specs:geronimo-atinject_1.0_spec', 'org.apache.geronimo.specs:geronimo-interceptor_1.2_spec', 'org.apache.geronimo.specs:geronimo-jcdi_2.0_spec', 'org.apache.johnzon:johnzon-jsonb', 'org.apache.openwebbeans:openwebbeans-impl', 'org.apache.openwebbeans:openwebbeans-spi', 'org.apache.openwebbeans:openwebbeans-web', 'org.apache.tomcat:tomcat-catalina', 'org.apache.tomcat:tomcat-catalina-ha', 'org.apache.tomcat:tomcat-dbcp', 'org.apache.tomcat:tomcat-jasper', 'org.apache.tomcat:tomcat-juli', 'org.apache.tomcat:tomcat-storeconfig', 'org.apache.tomcat:tomcat-websocket']"
2023-08-02 15:52:23,e21636bb87e4fb73fe8e52f3d5569a28b77d082b,"['com.h2database:h2', 'javax.json.bind:javax.json.bind-api', 'javax.json:javax.json-api', 'junit:junit', 'org.apache.cxf:cxf-integration-cdi', 'org.apache.cxf:cxf-rt-frontend-jaxrs', 'org.apache.cxf:cxf-rt-rs-client', 'org.apache.cxf:cxf-rt-rs-extension-providers', 'org.apache.cxf:cxf-rt-rs-json-basic', 'org.apache.geronimo.specs:geronimo-atinject_1.0_spec', 'org.apache.geronimo.specs:geronimo-interceptor_1.2_spec', 'org.apache.geronimo.specs:geronimo-jcdi_2.0_spec', 'org.apache.johnzon:johnzon-jsonb', 'org.apache.openwebbeans:openwebbeans-impl', 'org.apache.openwebbeans:openwebbeans-spi', 'org.apache.openwebbeans:openwebbeans-web', 'org.apache.tomcat:tomcat-catalina', 'org.apache.tomcat:tomcat-catalina-ha', 'org.apache.tomcat:tomcat-dbcp', 'org.apache.tomcat:tomcat-jasper', 'org.apache.tomcat:tomcat-juli', 'org.apache.tomcat:tomcat-storeconfig', 'org.apache.tomcat:tomcat-websocket']"
2023-11-10 14:09:19,4b456a5fb6cd383e37b1fe6024dcd145fc1ca57d,"['com.h2database:h2', 'jakarta.annotation:jakarta.annotation-api', 'jakarta.enterprise:jakarta.enterprise.cdi-api', 'jakarta.inject:jakarta.inject-api', 'jakarta.interceptor:jakarta.interceptor-api', 'javax.json.bind:javax.json.bind-api', 'javax.json:javax.json-api', 'junit:junit', 'org.apache.cxf:cxf-integration-cdi', 'org.apache.cxf:cxf-rt-frontend-jaxrs', 'org.apache.cxf:cxf-rt-rs-client', 'org.apache.cxf:cxf-rt-rs-extension-providers', 'org.apache.cxf:cxf-rt-rs-json-basic', 'org.apache.geronimo.specs:geronimo-jcdi_2.0_spec', 'org.apache.johnzon:johnzon-jsonb', 'org.apache.openwebbeans:openwebbeans-impl', 'org.apache.openwebbeans:openwebbeans-spi', 'org.apache.openwebbeans:openwebbeans-web', 'org.apache.tomcat:tomcat-catalina', 'org.apache.tomcat:tomcat-catalina-ha', 'org.apache.tomcat:tomcat-dbcp', 'org.apache.tomcat:tomcat-jasper', 'org.apache.tomcat:tomcat-juli', 'org.apache.tomcat:tomcat-storeconfig', 'org.apache.tomcat:tomcat-websocket']"
2023-11-10 14:56:52,3cad8cc4597b3e22cad57cfd5ed2d79fc9cb2adf,"['com.h2database:h2', 'jakarta.annotation:jakarta.annotation-api', 'jakarta.enterprise:jakarta.enterprise.cdi-api', 'jakarta.inject:jakarta.inject-api', 'jakarta.interceptor:jakarta.interceptor-api', 'javax.json.bind:javax.json.bind-api', 'javax.json:javax.json-api', 'junit:junit', 'org.apache.cxf:cxf-integration-cdi', 'org.apache.cxf:cxf-rt-frontend-jaxrs', 'org.apache.cxf:cxf-rt-rs-client', 'org.apache.cxf:cxf-rt-rs-extension-providers', 'org.apache.cxf:cxf-rt-rs-json-basic', 'org.apache.geronimo.specs:geronimo-jcdi_2.0_spec', 'org.apache.johnzon:johnzon-jsonb', 'org.apache.openwebbeans:openwebbeans-el22', 'org.apache.openwebbeans:openwebbeans-impl', 'org.apache.openwebbeans:openwebbeans-spi', 'org.apache.openwebbeans:openwebbeans-web', 'org.apache.tomcat:tomcat-catalina', 'org.apache.tomcat:tomcat-catalina-ha', 'org.apache.tomcat:tomcat-dbcp', 'org.apache.tomcat:tomcat-jasper', 'org.apache.tomcat:tomcat-juli', 'org.apache.tomcat:tomcat-storeconfig', 'org.apache.tomcat:tomcat-websocket']"
2023-11-10 15:11:13,f04555fac90f8971ad1650cb8482ea3b3e42574a,"['com.h2database:h2', 'jakarta.annotation:jakarta.annotation-api', 'jakarta.enterprise:jakarta.enterprise.cdi-api', 'jakarta.inject:jakarta.inject-api', 'jakarta.interceptor:jakarta.interceptor-api', 'javax.json.bind:javax.json.bind-api', 'javax.json:javax.json-api', 'junit:junit', 'org.apache.cxf:cxf-integration-cdi', 'org.apache.cxf:cxf-rt-frontend-jaxrs', 'org.apache.cxf:cxf-rt-rs-client', 'org.apache.cxf:cxf-rt-rs-extension-providers', 'org.apache.cxf:cxf-rt-rs-json-basic', 'org.apache.geronimo.specs:geronimo-jcdi_2.0_spec', 'org.apache.johnzon:johnzon-jsonb', 'org.apache.openwebbeans:openwebbeans-el22', 'org.apache.openwebbeans:openwebbeans-impl', 'org.apache.openwebbeans:openwebbeans-spi', 'org.apache.openwebbeans:openwebbeans-web', 'org.apache.tomcat:tomcat-catalina', 'org.apache.tomcat:tomcat-catalina-ha', 'org.apache.tomcat:tomcat-dbcp', 'org.apache.tomcat:tomcat-jasper', 'org.apache.tomcat:tomcat-juli', 'org.apache.tomcat:tomcat-storeconfig', 'org.apache.tomcat:tomcat-websocket']"
2023-11-17 11:16:23,939a028c785d94d7634ffb52d76f0b1740575620,"['com.h2database:h2', 'jakarta.annotation:jakarta.annotation-api', 'jakarta.enterprise:jakarta.enterprise.cdi-api', 'jakarta.inject:jakarta.inject-api', 'jakarta.interceptor:jakarta.interceptor-api', 'javax.json.bind:javax.json.bind-api', 'javax.json:javax.json-api', 'junit:junit', 'org.apache.cxf:cxf-integration-cdi', 'org.apache.cxf:cxf-rt-frontend-jaxrs', 'org.apache.cxf:cxf-rt-rs-client', 'org.apache.cxf:cxf-rt-rs-extension-providers', 'org.apache.cxf:cxf-rt-rs-json-basic', 'org.apache.geronimo.specs:geronimo-jcdi_2.0_spec', 'org.apache.johnzon:johnzon-jsonb', 'org.apache.openwebbeans:openwebbeans-el22', 'org.apache.openwebbeans:openwebbeans-impl', 'org.apache.openwebbeans:openwebbeans-spi', 'org.apache.openwebbeans:openwebbeans-web', 'org.apache.tomcat:tomcat-catalina', 'org.apache.tomcat:tomcat-catalina-ha', 'org.apache.tomcat:tomcat-dbcp', 'org.apache.tomcat:tomcat-jasper', 'org.apache.tomcat:tomcat-juli', 'org.apache.tomcat:tomcat-storeconfig', 'org.apache.tomcat:tomcat-websocket']"
2024-01-12 12:11:27,d429feef43833ff9a5987f21ef36f8203e4b2cda,"['com.h2database:h2', 'jakarta.annotation:jakarta.annotation-api', 'jakarta.enterprise:jakarta.enterprise.cdi-api', 'jakarta.inject:jakarta.inject-api', 'jakarta.interceptor:jakarta.interceptor-api', 'jakarta.json.bind:jakarta.json.bind-api', 'jakarta.json:jakarta.json-api', 'junit:junit', 'org.apache.cxf:cxf-integration-cdi', 'org.apache.cxf:cxf-rt-frontend-jaxrs', 'org.apache.cxf:cxf-rt-rs-client', 'org.apache.cxf:cxf-rt-rs-extension-providers', 'org.apache.cxf:cxf-rt-rs-json-basic', 'org.apache.johnzon:johnzon-jsonb', 'org.apache.openwebbeans:openwebbeans-el22', 'org.apache.openwebbeans:openwebbeans-impl', 'org.apache.openwebbeans:openwebbeans-spi', 'org.apache.openwebbeans:openwebbeans-web', 'org.apache.tomcat:tomcat-catalina', 'org.apache.tomcat:tomcat-catalina-ha', 'org.apache.tomcat:tomcat-dbcp', 'org.apache.tomcat:tomcat-jasper', 'org.apache.tomcat:tomcat-juli', 'org.apache.tomcat:tomcat-storeconfig', 'org.apache.tomcat:tomcat-websocket']"
2024-02-23 09:54:22,ef214a3844b215d67cee68cf092a683c22e07b0e,"['com.h2database:h2', 'jakarta.annotation:jakarta.annotation-api', 'jakarta.enterprise:jakarta.enterprise.cdi-api', 'jakarta.inject:jakarta.inject-api', 'jakarta.interceptor:jakarta.interceptor-api', 'jakarta.json.bind:jakarta.json.bind-api', 'jakarta.json:jakarta.json-api', 'junit:junit', 'org.apache.cxf:cxf-integration-cdi', 'org.apache.cxf:cxf-rt-frontend-jaxrs', 'org.apache.cxf:cxf-rt-rs-client', 'org.apache.cxf:cxf-rt-rs-extension-providers', 'org.apache.cxf:cxf-rt-rs-json-basic', 'org.apache.johnzon:johnzon-jsonb', 'org.apache.openwebbeans:openwebbeans-el22', 'org.apache.openwebbeans:openwebbeans-impl', 'org.apache.openwebbeans:openwebbeans-spi', 'org.apache.openwebbeans:openwebbeans-web', 'org.apache.tomcat:tomcat-catalina', 'org.apache.tomcat:tomcat-catalina-ha', 'org.apache.tomcat:tomcat-dbcp', 'org.apache.tomcat:tomcat-jasper', 'org.apache.tomcat:tomcat-juli', 'org.apache.tomcat:tomcat-storeconfig', 'org.apache.tomcat:tomcat-websocket']"
2024-03-27 14:08:15,6fe3dbf547e2e07388f688b4266f7020017294e3,"['com.h2database:h2', 'jakarta.annotation:jakarta.annotation-api', 'jakarta.enterprise:jakarta.enterprise.cdi-api', 'jakarta.inject:jakarta.inject-api', 'jakarta.interceptor:jakarta.interceptor-api', 'jakarta.json.bind:jakarta.json.bind-api', 'jakarta.json:jakarta.json-api', 'junit:junit', 'org.apache.cxf:cxf-integration-cdi', 'org.apache.cxf:cxf-rt-frontend-jaxrs', 'org.apache.cxf:cxf-rt-rs-client', 'org.apache.cxf:cxf-rt-rs-extension-providers', 'org.apache.cxf:cxf-rt-rs-json-basic', 'org.apache.johnzon:johnzon-jsonb', 'org.apache.openwebbeans:openwebbeans-el22', 'org.apache.openwebbeans:openwebbeans-impl', 'org.apache.openwebbeans:openwebbeans-spi', 'org.apache.openwebbeans:openwebbeans-web', 'org.apache.tomcat:tomcat-catalina', 'org.apache.tomcat:tomcat-catalina-ha', 'org.apache.tomcat:tomcat-dbcp', 'org.apache.tomcat:tomcat-jasper', 'org.apache.tomcat:tomcat-juli', 'org.apache.tomcat:tomcat-storeconfig', 'org.apache.tomcat:tomcat-websocket']"
2024-04-11 20:58:18,3972a030b4db63c08bd1de99659a481c6c5aae9d,"['com.h2database:h2', 'jakarta.annotation:jakarta.annotation-api', 'jakarta.enterprise:jakarta.enterprise.cdi-api', 'jakarta.inject:jakarta.inject-api', 'jakarta.interceptor:jakarta.interceptor-api', 'jakarta.json.bind:jakarta.json.bind-api', 'jakarta.json:jakarta.json-api', 'junit:junit', 'org.apache.cxf:cxf-integration-cdi', 'org.apache.cxf:cxf-rt-frontend-jaxrs', 'org.apache.cxf:cxf-rt-rs-client', 'org.apache.cxf:cxf-rt-rs-extension-providers', 'org.apache.cxf:cxf-rt-rs-json-basic', 'org.apache.johnzon:johnzon-jsonb', 'org.apache.openwebbeans:openwebbeans-el22', 'org.apache.openwebbeans:openwebbeans-impl', 'org.apache.openwebbeans:openwebbeans-spi', 'org.apache.openwebbeans:openwebbeans-web', 'org.apache.tomcat:tomcat-catalina', 'org.apache.tomcat:tomcat-catalina-ha', 'org.apache.tomcat:tomcat-dbcp', 'org.apache.tomcat:tomcat-jasper', 'org.apache.tomcat:tomcat-juli', 'org.apache.tomcat:tomcat-storeconfig', 'org.apache.tomcat:tomcat-websocket']"
2024-07-08 15:05:31,a33b5a25d1128262343247278a702a50b8dc7fd9,"['com.h2database:h2', 'jakarta.annotation:jakarta.annotation-api', 'jakarta.enterprise:jakarta.enterprise.cdi-api', 'jakarta.inject:jakarta.inject-api', 'jakarta.interceptor:jakarta.interceptor-api', 'jakarta.json.bind:jakarta.json.bind-api', 'jakarta.json:jakarta.json-api', 'junit:junit', 'org.apache.cxf:cxf-integration-cdi', 'org.apache.cxf:cxf-rt-frontend-jaxrs', 'org.apache.cxf:cxf-rt-rs-client', 'org.apache.cxf:cxf-rt-rs-extension-providers', 'org.apache.cxf:cxf-rt-rs-json-basic', 'org.apache.johnzon:johnzon-jsonb', 'org.apache.openwebbeans:openwebbeans-el22', 'org.apache.openwebbeans:openwebbeans-impl', 'org.apache.openwebbeans:openwebbeans-spi', 'org.apache.openwebbeans:openwebbeans-web', 'org.apache.tomcat:tomcat-catalina', 'org.apache.tomcat:tomcat-catalina-ha', 'org.apache.tomcat:tomcat-dbcp', 'org.apache.tomcat:tomcat-jasper', 'org.apache.tomcat:tomcat-juli', 'org.apache.tomcat:tomcat-storeconfig', 'org.apache.tomcat:tomcat-websocket']"
2024-07-17 09:52:33,5dd8ec6fdba13ceed0b9d2dd92825f947f3c5235,"['com.h2database:h2', 'jakarta.annotation:jakarta.annotation-api', 'jakarta.enterprise:jakarta.enterprise.cdi-api', 'jakarta.inject:jakarta.inject-api', 'jakarta.interceptor:jakarta.interceptor-api', 'jakarta.json.bind:jakarta.json.bind-api', 'jakarta.json:jakarta.json-api', 'junit:junit', 'org.apache.cxf:cxf-integration-cdi', 'org.apache.cxf:cxf-rt-frontend-jaxrs', 'org.apache.cxf:cxf-rt-rs-client', 'org.apache.cxf:cxf-rt-rs-extension-providers', 'org.apache.cxf:cxf-rt-rs-json-basic', 'org.apache.johnzon:johnzon-jsonb', 'org.apache.openwebbeans:openwebbeans-el22', 'org.apache.openwebbeans:openwebbeans-impl', 'org.apache.openwebbeans:openwebbeans-spi', 'org.apache.openwebbeans:openwebbeans-web', 'org.apache.tomcat:tomcat-catalina', 'org.apache.tomcat:tomcat-catalina-ha', 'org.apache.tomcat:tomcat-dbcp', 'org.apache.tomcat:tomcat-jasper', 'org.apache.tomcat:tomcat-juli', 'org.apache.tomcat:tomcat-storeconfig', 'org.apache.tomcat:tomcat-websocket']"
2024-08-15 13:12:02,445b0f714083987b9572f7b4510c5db6c86a53a0,"['com.h2database:h2', 'jakarta.annotation:jakarta.annotation-api', 'jakarta.enterprise:jakarta.enterprise.cdi-api', 'jakarta.inject:jakarta.inject-api', 'jakarta.interceptor:jakarta.interceptor-api', 'jakarta.json.bind:jakarta.json.bind-api', 'jakarta.json:jakarta.json-api', 'junit:junit', 'org.apache.cxf:cxf-integration-cdi', 'org.apache.cxf:cxf-rt-frontend-jaxrs', 'org.apache.cxf:cxf-rt-rs-client', 'org.apache.cxf:cxf-rt-rs-extension-providers', 'org.apache.cxf:cxf-rt-rs-json-basic', 'org.apache.johnzon:johnzon-jsonb', 'org.apache.openwebbeans:openwebbeans-el22', 'org.apache.openwebbeans:openwebbeans-impl', 'org.apache.openwebbeans:openwebbeans-spi', 'org.apache.openwebbeans:openwebbeans-web', 'org.apache.tomcat:tomcat-catalina', 'org.apache.tomcat:tomcat-catalina-ha', 'org.apache.tomcat:tomcat-dbcp', 'org.apache.tomcat:tomcat-jasper', 'org.apache.tomcat:tomcat-juli', 'org.apache.tomcat:tomcat-storeconfig', 'org.apache.tomcat:tomcat-websocket']"
2024-11-19 08:45:56,e036e9980294bc52f60930925aa521853a0ca5a5,"['com.h2database:h2', 'jakarta.annotation:jakarta.annotation-api', 'jakarta.enterprise:jakarta.enterprise.cdi-api', 'jakarta.inject:jakarta.inject-api', 'jakarta.interceptor:jakarta.interceptor-api', 'jakarta.json.bind:jakarta.json.bind-api', 'jakarta.json:jakarta.json-api', 'junit:junit', 'org.apache.cxf:cxf-integration-cdi', 'org.apache.cxf:cxf-rt-frontend-jaxrs', 'org.apache.cxf:cxf-rt-rs-client', 'org.apache.cxf:cxf-rt-rs-extension-providers', 'org.apache.cxf:cxf-rt-rs-json-basic', 'org.apache.johnzon:johnzon-jsonb', 'org.apache.openwebbeans:openwebbeans-el22', 'org.apache.openwebbeans:openwebbeans-impl', 'org.apache.openwebbeans:openwebbeans-spi', 'org.apache.openwebbeans:openwebbeans-web', 'org.apache.tomcat:tomcat-catalina', 'org.apache.tomcat:tomcat-catalina-ha', 'org.apache.tomcat:tomcat-dbcp', 'org.apache.tomcat:tomcat-jasper', 'org.apache.tomcat:tomcat-juli', 'org.apache.tomcat:tomcat-storeconfig', 'org.apache.tomcat:tomcat-websocket']"
2025-03-24 10:25:45,64831e3a20160e68bba3a250ebf53b8397878766,"['com.h2database:h2', 'jakarta.annotation:jakarta.annotation-api', 'jakarta.enterprise:jakarta.enterprise.cdi-api', 'jakarta.inject:jakarta.inject-api', 'jakarta.interceptor:jakarta.interceptor-api', 'jakarta.json.bind:jakarta.json.bind-api', 'jakarta.json:jakarta.json-api', 'junit:junit', 'org.apache.cxf:cxf-integration-cdi', 'org.apache.cxf:cxf-rt-frontend-jaxrs', 'org.apache.cxf:cxf-rt-rs-client', 'org.apache.cxf:cxf-rt-rs-extension-providers', 'org.apache.cxf:cxf-rt-rs-json-basic', 'org.apache.johnzon:johnzon-jsonb', 'org.apache.openwebbeans:openwebbeans-el22', 'org.apache.openwebbeans:openwebbeans-impl', 'org.apache.openwebbeans:openwebbeans-spi', 'org.apache.openwebbeans:openwebbeans-web', 'org.apache.tomcat:tomcat-catalina', 'org.apache.tomcat:tomcat-catalina-ha', 'org.apache.tomcat:tomcat-dbcp', 'org.apache.tomcat:tomcat-jasper', 'org.apache.tomcat:tomcat-juli', 'org.apache.tomcat:tomcat-storeconfig', 'org.apache.tomcat:tomcat-websocket']"
